Historia,Arte
Naturaleza,Historia
Naturaleza
Historia,Naturaleza
Historia,Arte
Naturaleza
Historia,Arte
Historia,Arte
Shopping,Comida
Naturaleza
Naturaleza
Naturaleza
Naturaleza
Naturaleza
Historia,Arte
Historia,Arte
Historia,Arte
Historia,Arte
Shopping,Historia,Comida
Shopping,Naturaleza,Comida
Shopping,Comida
Shopping,Comida
Shopping,Comida,Naturaleza
Shopping,Comida,Historia
Shopping
Shopping
Comida,Naturaleza
Vida nocturna,Música
Música,Vida nocturna
Música,Vida nocturna
Música,Vida nocturna,Comida
Música,Vida nocturna,Comida
Música,Vida nocturna,Comida
Música,Vida nocturna
